County,Bevin,Conway,Curtis,Write-in,Grimes,Knipper,Beshear,Westerfield,Harmon,Edelen,Ball,Nelson,Quarles,Spann
Adair,"2,727","1,268",116,0,"1,529","2,486","1,375","2,608","2,611","1,271","2,882","1,064","3,028",903
Allen,"2,344",977,76,0,"1,194","2,166","1,046","2,286","2,350",910,"2,483",844,"2,513",781
Anderson,"3,724","2,635",370,0,"3,300","3,363","2,975","3,655","3,318","3,218","4,234","2,331","4,362","2,188"
Ballard,"1,312",990,75,0,"1,143","1,211","1,170","1,190","1,262","1,038","1,408",924,"1,530",797
Barren,"5,289","3,568",358,2,"4,324","4,757","4,142","4,821","4,991","3,588","5,940","2,866","5,690","3,194"
Bath,"1,045","1,117",78,0,"1,345",856,"1,217",973,948,"1,217","1,135","1,016","1,133","1,036"
Bell,"2,425","1,556",157,0,"1,703","2,251","1,722","2,181","2,311","1,375","1,027","3,168","2,569","1,168"
Boone,"15,842","7,418",822,0,"8,010","15,891","9,096","14,617","16,548","6,628","17,383","6,064","16,736","6,481"
Bourbon,"2,202","2,510",145,0,"2,928","1,910","2,652","2,129","1,997","2,701","2,947","1,793","2,855","1,887"
Boyd,"4,747","4,154",281,0,"4,983","4,123","4,980","4,028","4,527","4,293","4,774","4,113","4,727","4,024"
Boyle,"3,968","2,948",336,0,"3,771","3,403","3,422","3,696","4,274","2,913","4,520","2,521","4,410","2,551"
Bracken,854,680,54,0,735,843,802,764,838,703,883,667,900,651
Breathitt,"1,313","1,208",115,0,"1,518","1,078","1,399","1,184",982,"1,530","1,248","1,291","1,223","1,285"
Breckinridge,"2,648","1,858",158,0,"2,282","2,358","2,167","2,409","2,403","2,108","2,866","1,669","2,791","1,710"
Bullitt,"9,856","6,492",686,4,"7,699","9,253","7,665","9,108","9,312","7,206","10,937","5,634","10,346","6,079"
Butler,"1,786",807,63,0,949,"1,695",895,"1,719","1,866",682,"1,990",610,"2,002",582
Caldwell,"1,838","1,180",99,0,"1,435","1,659","1,378","1,689","1,677","1,298","1,881","1,142","2,027",967
Calloway,"4,742","3,558",254,0,"4,095","4,390","4,159","4,288","4,582","3,545","5,254","3,027","5,405","2,854"
Campbell,"10,671","8,258",779,1,"8,518","11,012","9,561","9,759","11,492","7,313","12,186","6,912","11,447","7,390"
Carlisle,899,561,22,0,658,815,642,822,824,607,904,542,951,488
Carroll,867,923,70,0,"1,126",724,"1,026",792,759,"1,043",924,895,855,954
Carter,"2,405","1,954",126,0,"2,264","2,162","2,222","2,174","2,295","2,042","2,345","2,016","2,456","1,868"
Casey,"2,836",649,91,2,"1,042","2,491",797,"2,745","2,620",879,"2,912",580,"2,940",554
Christian,"4,830","3,446",211,0,"3,808","4,615","2,709","5,786","4,925","3,292","5,221","3,064","5,308","2,917"
Clark,"4,551","3,448",344,3,"4,339","3,959","3,956","4,307","3,950","4,145","5,323","2,822","5,168","2,986"
Clay,"2,311",866,73,1,"1,061","2,094",907,"2,259","2,298",768,"2,499",622,"2,518",619
Clinton,"1,531",444,30,0,485,"1,476",406,"1,552","1,577",348,"1,629",348,"1,670",301
Crittenden,"1,450",705,58,0,876,"1,310",854,"1,322","1,400",729,"1,525",625,"1,574",564
Cumberland,927,342,38,0,438,837,307,947,922,279,988,243,996,232
Daviess,"13,483","10,366",611,1,"12,513","11,726","12,698","11,380","12,724","10,738","13,867","9,743","13,741","9,619"
Edmonson,"1,503",805,77,0,898,"1,480",895,"1,461","1,563",741,"1,687",650,"1,786",549
Elliott,495,706,30,0,765,437,728,458,423,716,454,723,486,671
Estill,"1,770",890,146,5,"1,200","1,594","1,043","1,719","1,686","1,037","1,948",806,"1,938",806
Fayette,"27,788","38,220","3,945",7,"42,924","26,759","41,257","28,077","26,647","41,734","36,792","31,296","35,515","32,879"
Fleming,"1,907","1,284",117,0,"1,702","1,578","1,450","1,796","1,691","1,528","2,128","1,119","2,137","1,102"
Floyd,"3,390","4,392",282,0,"4,935","2,937","4,917","2,912","2,916","4,619","4,453","3,503","3,548","4,075"
Franklin,"5,942","9,839","1,098",3,"11,101","5,693","10,296","6,304","5,549","10,859","7,703","8,683","9,055","7,496"
Fulton,568,504,32,0,571,526,568,535,519,557,606,488,637,433
Gallatin,739,525,52,0,617,688,677,612,729,529,723,559,751,525
Garrard,"2,542","1,158",171,0,"1,572","2,254","1,340","2,460","2,469","1,268","2,892",885,"2,844",916
Grant,"2,433","1,326",133,0,"1,511","2,356","1,619","2,229","2,426","1,341","2,565","1,253","2,648","1,160"
Graves,"5,370","3,189",268,1,"3,835","4,921","3,785","4,911","4,925","3,536","5,546","3,060","5,759","2,784"
Grayson,"3,246","1,732",186,0,"2,102","2,998","1,999","3,064","3,228","1,693","3,610","1,365","3,566","1,406"
Green,"2,018",806,73,0,"1,100","1,748",925,"1,887","1,806",936,"2,018",746,"2,104",650
Greenup,"4,432","3,109",218,0,"3,929","3,749","3,889","3,719","4,130","3,322","4,084","3,432","4,286","3,144"
Hancock,"1,114","1,064",53,0,"1,224",993,"1,235",960,"1,086","1,046","1,113","1,049","1,175",950
Hardin,"11,586","8,029",815,0,"9,832","10,468","9,533","10,607","10,770","9,192","12,856","7,165","12,403","7,524"
Harlan,"3,099","1,671",201,0,"2,071","2,712","2,124","2,571","2,467","2,076","1,825","3,050","2,913","1,604"
Harrison,"2,093","1,778",221,0,"2,166","1,913","1,997","2,045","1,932","2,054","2,482","1,509","2,632","1,400"
Hart,"2,043","1,379",132,0,"1,697","1,826","1,681","1,803","1,806","1,559","2,082","1,339","2,164","1,259"
Henderson,"4,837","5,117",297,0,"5,842","4,333","5,928","4,139","4,725","4,978","5,219","4,608","5,024","4,714"
Henry,"2,126","1,720",184,0,"2,052","1,953","1,963","2,002","1,880","2,037","2,284","1,659","2,377","1,542"
Hickman,771,458,26,0,573,672,559,678,689,532,790,441,803,398
Hopkins,"5,802","3,524",268,0,"4,337","5,153","4,535","4,931","5,358","3,831","5,555","3,693","5,861","3,305"
Jackson,"2,310",393,68,3,611,"2,107",517,"2,183","2,188",436,"2,297",359,"2,324",375
Jefferson,"74,427","112,232","6,302",11,"121,462","69,946","120,800","69,373","71,557","115,149","93,409","92,558","84,894","99,944"
Jessamine,"7,581","4,134",526,1,"5,342","6,796","4,895","7,192","6,980","4,882","8,665","3,271","8,405","3,491"
Johnson,"3,040","1,432",177,0,"1,742","2,822","1,710","2,832","3,020","1,379","3,392","1,143","3,249","1,200"
Kenton,"18,007","12,301","1,145",4,"12,823","18,415","14,376","16,497","19,031","11,094","20,127","10,321","19,149","10,912"
Knott,"1,612","1,141",132,0,"1,483","1,309","1,411","1,360","1,192","1,480","1,386","1,400","1,458","1,237"
Knox,"3,706","1,634",163,2,"2,128","3,269","1,847","3,518","3,535","1,675","3,794","1,530","3,952","1,329"
Larue,"2,009","1,214",137,3,"1,481","1,858","1,443","1,862","1,810","1,427","2,121","1,152","2,204","1,054"
Laurel,"8,781","2,663",345,2,"3,565","8,046","3,113","8,457","8,524","2,790","9,253","2,195","9,205","2,230"
Lawrence,"1,616",973,66,1,"1,140","1,472","1,174","1,422","1,539",988,"1,570",998,"1,567",961
Lee,"1,042",422,72,0,603,892,504,978,944,500,"1,068",405,"1,085",375
Leslie,"1,654",431,51,0,473,"1,602",416,"1,626","1,627",381,"1,646",410,"1,713",312
Letcher,"2,360","1,775",183,0,"2,109","2,057","2,102","1,992","1,898","2,021","2,107","1,956","2,251","1,649"
Lewis,"1,833",584,75,0,804,"1,602",731,"1,655","1,757",602,"1,834",500,"1,816",510
Lincoln,"3,289","1,626",195,0,"2,323","2,695","1,976","3,021","3,073","1,849","3,493","1,456","3,382","1,552"
Livingston,"1,340",927,64,0,"1,074","1,240","1,078","1,220","1,266",992,"1,431",850,"1,461",798
Logan,"2,345","1,565",99,0,"1,840","2,135","1,517","2,437","2,281","1,525","2,359","1,516","2,510","1,356"
Lyon,"1,208","1,043",58,0,"1,197","1,099","1,169","1,123","1,107","1,099","1,306",944,"1,397",834
Madison,"10,268","7,348",764,14,"9,235","9,063","8,424","9,728","9,283","8,629","11,543","6,411","11,347","6,604"
Magoffin,"1,229",987,66,0,"1,130","1,123","1,111","1,146","1,058","1,131","1,270",975,"1,297",925
Marion,"1,591","2,132",139,1,"2,551","1,257","2,382","1,395","1,243","2,481","1,794","1,917","1,715","1,963"
Marshall,"5,969","4,830",409,2,"5,495","5,595","5,572","5,461","5,580","5,008","6,409","4,424","6,691","3,983"
Martin,"1,268",419,44,0,541,"1,148",534,"1,138","1,267",370,"1,333",332,"1,296",337
Mason,"1,792","1,531",95,0,"1,881","1,513","1,731","1,605","1,581","1,676","1,866","1,387","1,924","1,321"
McCracken,"9,028","6,031",394,0,"6,762","8,580","6,870","8,399","8,636","6,225","9,873","5,232","9,781","5,140"
McCreary,"1,362",648,72,1,739,"1,302",612,"1,437","1,431",550,"1,550",458,"1,517",464
McLean,"1,364",984,63,0,"1,207","1,178","1,251","1,123","1,240","1,066","1,282","1,046","1,382",915
Meade,"3,310","2,838",296,0,"3,396","2,992","3,371","2,944","2,590","3,693","3,640","2,558","3,135","3,124"
Menifee,"1,160",897,107,0,"1,260",856,"1,074",991,877,"1,066","1,045",933,969,981
Mercer,"3,517","2,054",269,0,"2,658","3,123","2,398","3,358","3,419","2,276","3,915","1,758","3,894","1,764"
Metcalfe,"1,344",888,95,0,"1,055","1,250","1,031","1,257","1,289",892,"1,470",785,"1,492",722
Monroe,"1,642",721,76,0,687,"1,673",666,"1,696","1,805",436,"1,875",437,"1,962",392
Montgomery,"3,271","2,479",240,0,"3,285","2,638","2,884","2,982","2,699","3,049","3,520","2,248","3,542","2,189"
Morgan,"1,355","1,009",103,0,"1,237","1,164","1,158","1,235","1,069","1,241","1,339","1,014","1,443",925
Muhlenberg,"3,613","3,453",262,0,"4,047","3,175","4,078","3,077","3,191","3,646","3,241","3,718","3,461","3,388"
Nelson,"4,902","4,880",356,4,"5,614","4,439","5,363","4,572","4,430","5,361","5,734","4,084","5,236","4,488"
Nicholas,563,857,54,0,978,474,864,589,561,859,752,677,799,635
Ohio,"3,115","2,000",128,1,"2,390","2,784","2,370","2,772","3,034","1,900","3,257","1,781","3,243","1,721"
Oldham,"10,896","6,403",699,0,"7,379","10,494","7,351","10,342","10,578","6,790","12,674","4,809","11,946","5,398"
Owen,"1,444","1,000",130,0,"1,202","1,342","1,218","1,315","1,386","1,066","1,544",944,"1,846",683
Owsley,580,220,23,2,296,514,253,543,542,226,597,186,605,182
Pendleton,"1,567",936,112,0,"1,058","1,545","1,172","1,415","1,609",918,"1,612",948,"1,671",891
Perry,"3,276","1,857",151,0,"2,588","2,560","2,349","2,736","2,422","2,504","2,917","2,105","2,961","1,959"
Pike,"6,146","4,741",336,1,"5,494","5,554","5,780","5,115","5,438","5,113","6,003","4,820","5,999","4,578"
Powell,"1,335","1,110",99,0,"1,421","1,073","1,299","1,197","1,126","1,303","1,405","1,055","1,333","1,114"
Pulaski,"10,623","3,664",467,9,"5,236","9,335","4,246","10,215","9,806","4,381","11,575","2,730","11,336","2,884"
Robertson,247,202,16,0,219,245,234,228,205,249,240,217,281,179
Rockcastle,"2,536",744,132,3,"1,079","2,257",914,"2,412","2,454",797,"2,669",598,"2,663",607
Rowan,"2,179","2,321",169,0,"2,785","1,843","2,459","2,130","1,916","2,579","2,512","2,014","2,402","2,091"
Russell,"3,312","1,144",139,0,"1,631","2,898","1,285","3,207","3,134","1,255","3,536",913,"3,638",824
Scott,"6,165","5,232",617,0,"6,206","5,733","5,837","6,034","5,924","5,681","7,682","3,950","8,553","3,367"
Shelby,"6,573","4,575",436,2,"5,340","6,151","5,177","6,187","6,072","5,126","7,526","3,701","7,511","3,710"
Simpson,"1,652","1,059",62,0,"1,235","1,507","1,204","1,520","1,599","1,042","1,719",965,"1,745",915
Spencer,"3,169","1,705",169,0,"2,031","2,973","1,946","3,013","2,909","1,942","3,442","1,437","3,398","1,486"
Taylor,"3,852","2,260",174,0,"2,836","3,375","2,605","3,547","3,539","2,518","4,169","1,933","4,178","1,841"
Todd,903,503,45,0,596,854,404,"1,052",895,501,909,509,965,452
Trigg,"1,746","1,342",86,0,"1,457","1,694","1,131","2,022","1,837","1,228","1,795","1,317","2,007","1,097"
Trimble,"1,033",797,65,1,989,904,946,921,924,910,"1,049",795,"1,052",785
Union,"1,829","1,928",91,0,"2,243","1,536","2,297","1,455","1,715","1,867","1,862","1,771","1,964","1,658"
Warren,"12,411","9,354",730,1,"10,637","11,745","10,494","11,675","12,376","9,219","14,383","7,585","13,891","7,935"
Washington,"1,796","1,205",129,0,"1,470","1,605","1,378","1,680","1,861","1,238","1,913","1,101","1,949","1,054"
Wayne,"2,412","1,239",86,1,"1,647","2,029","1,340","2,310","2,189","1,356","2,578","1,012","2,591",958
Webster,"1,567","1,168",72,0,"1,396","1,373","1,476","1,294","1,432","1,237","1,495","1,210","1,576","1,127"
Whitley,"4,772","1,857",215,0,"2,458","4,286","2,023","4,682","4,669","1,857","5,142","1,475","5,130","1,447"
Wolfe,689,763,41,0,901,574,860,604,555,856,664,761,701,737
Woodford,"3,804","3,704",495,1,"4,399","3,551","4,076","3,792","3,553","4,249","4,803","2,992","4,690","3,096"