District,Barr,Cameron,Faris,Washington,Fredrick,Catlett,Duncan,Holliday,Shelley,Wenzel,Leon,Booker,McGrath,Stevenson,Romans,Forsythe,Thompson,Blanton
KY-01,"55,397","24,211","1,553","1,287",850,727,976,747,293,308,155,"17,740","19,230","2,667","1,601","2,077","1,375","1,979"
KY-02,"41,234","27,298","3,106",924,790,850,683,434,352,130,135,"17,101","18,397","2,254","1,626","1,621","1,003",739
KY-03,"20,651","13,754",544,421,549,791,249,493,153,111,91,"55,809","25,863","5,692","4,509","1,252",716,838
KY-04,"53,507","35,658","3,735","1,890","1,300","1,146",643,565,"1,133",196,153,"17,987","19,546","2,117","1,749","1,273",810,750
KY-05,"66,422","29,096","1,148","2,006","1,033",517,720,"1,056",390,150,195,"11,758","14,653","1,743","1,121","1,539","2,243","1,905"
KY-06,"46,622","14,575","1,133",662,745,861,502,462,450,119,135,"35,182","21,607","6,137","3,090","1,886",815,737
SD_01,"8,474","3,472",207,140,144,84,192,88,25,32,15,"1,996","2,746",353,152,417,186,295
SD_02,"8,774","3,560",173,132,89,101,112,80,28,37,15,"2,860","3,047",468,137,420,178,283
SD_03,"5,270","2,182",250,130,79,64,116,66,31,38,12,"2,440","2,168",432,122,342,217,289
SD_04,"5,365","2,393",138,130,110,86,108,60,30,30,19,"2,676","3,652",359,215,298,286,329
SD_05,"9,446","6,171","1,054",338,181,202,210,127,120,35,33,"1,430","2,333",247,245,233,133,97
SD_06,"6,879","7,581",214,227,236,213,76,100,96,28,20,"5,862","4,210",521,660,226,79,103
SD_07,"8,846","6,397",287,232,155,155,89,100,113,22,24,"4,401","3,528",643,662,269,142,173
SD_08,"5,674","3,229",387,126,128,121,102,53,46,30,17,"3,001","3,953",380,174,308,207,139
SD_09,"7,258","3,920",419,122,120,103,108,66,52,12,21,"2,083","2,260",236,129,208,123,93
SD_10,"3,574","4,137",509,73,83,149,80,53,28,11,16,"2,825","2,559",531,269,214,164,106
SD_11,"8,791","4,785",933,276,248,223,86,86,135,24,24,"1,824","2,296",265,90,129,67,58
SD_12,"8,336","3,035",180,118,120,181,104,107,50,21,17,"6,093","4,120","1,098",732,417,140,159
SD_13,"3,293","1,028",66,56,72,102,33,41,29,11,14,"8,404","3,552","1,015",546,300,73,67
SD_14,"6,663","6,018",393,180,135,117,100,90,98,30,23,"3,446","4,202",448,709,279,366,267
SD_15,"16,758","7,527",271,486,254,168,223,230,97,59,53,"1,102","1,125",138,70,116,86,63
SD_16,"12,000","5,624",275,315,167,154,174,177,85,64,36,"2,099","2,471",238,153,159,157,157
SD_17,"8,540","4,008",419,235,163,179,121,124,162,20,26,"4,109","3,183",712,323,254,123,118
SD_18,"7,329","4,107",306,302,199,83,128,98,130,18,30,"1,905","2,494",207,115,192,258,299
SD_19,"3,113","2,240",81,79,98,149,37,74,28,21,11,"12,049","5,561",871,"1,140",298,138,174
SD_20,"6,939","3,942",720,214,130,137,73,97,84,29,24,"5,038","4,123",683,588,411,196,332
SD_21,"14,528","6,596",266,306,191,138,114,220,62,49,49,"1,168","1,155",134,85,142,103,64
SD_22,"7,684","2,551",170,109,127,141,99,75,63,22,25,"4,718","2,882",797,319,249,84,90
SD_23,"7,399","3,956",412,250,172,246,131,81,210,39,25,"3,194","3,508",340,117,186,89,70
SD_24,"8,858","4,672",648,340,249,179,113,87,213,61,20,"3,105","3,756",339,131,213,141,114
SD_25,"15,163","6,243",182,477,202,93,143,216,97,22,42,713,805,84,48,73,99,49
SD_26,"3,847","2,826",82,78,99,193,42,95,31,23,16,"9,543","5,119",683,919,217,108,98
SD_27,"7,545","2,599",196,146,114,94,75,49,172,23,12,"4,879","4,326",848,497,445,280,259
SD_28,"8,037","2,220",217,107,101,106,66,58,55,12,19,"5,292","3,995","1,057",520,305,265,205
SD_29,"8,640","3,467",151,322,116,57,92,133,44,28,16,"2,354","3,127",382,286,300,601,537
SD_30,"9,705","2,759",285,212,130,87,78,149,44,27,32,"3,096","4,143",679,384,507,752,679
SD_31,"8,473","4,266",175,365,176,70,136,169,71,15,34,"1,562","2,045",209,135,212,315,237
SD_32,"6,405","3,049",467,148,131,97,124,87,41,25,18,"2,615","2,510",277,107,257,128,248
SD_33,"1,089",571,47,32,47,31,23,32,10,10,2,"9,411","2,339","1,898",268,94,125,112
SD_34,"8,609","2,777",171,94,143,143,83,93,77,28,32,"5,170","3,163",859,422,261,124,105
SD_35,"1,597",867,52,35,46,71,26,50,12,11,7,"6,736","2,323",653,344,118,109,96
SD_36,"6,400","4,625",115,105,153,212,60,99,38,20,30,"6,988","4,805",585,797,247,71,122
SD_37,"2,647","1,393",92,47,67,56,40,77,24,14,17,"6,198","3,001",627,636,139,107,147
SD_38,"5,885","3,799",209,106,92,107,56,70,40,13,18,"3,192","2,711",314,450,193,142,115
HD_01,"3,058","1,269",56,42,16,28,46,24,9,13,5,"1,102","1,261",213,72,126,91,155
HD_02,"3,300","1,463",60,43,35,21,20,37,9,11,6,780,"1,037",110,67,100,85,109
HD_03,"2,910","1,016",72,39,36,36,35,19,11,17,3,"1,269",986,152,39,122,49,79
HD_04,"1,943",830,47,40,35,33,40,14,5,14,9,984,"1,089",119,82,125,68,118
HD_05,"2,658","1,117",43,39,67,33,61,27,7,13,6,790,"1,045",137,47,100,50,83
HD_06,"3,383","1,454",58,65,40,36,48,41,8,10,6,699,"1,129",145,44,349,60,97
HD_07,"2,023","1,182",112,40,51,44,36,18,16,13,8,"1,252","1,522",161,56,127,86,46
HD_08,"3,050","1,205",66,63,62,50,70,38,12,24,9,"1,014",914,213,55,155,83,148
HD_09,"1,324",503,26,42,21,18,48,17,12,7,3,620,410,133,15,44,53,93
HD_10,"3,175","2,601",295,95,59,96,87,44,33,7,13,967,"1,226",206,137,103,76,48
HD_11,"1,799",898,59,51,40,31,43,25,15,8,4,"1,265","1,812",165,95,120,112,129
HD_12,"3,382","1,262",119,81,52,35,99,32,20,14,7,680,"1,200",129,56,99,129,117
HD_13,"1,687","1,094",126,37,42,48,28,19,15,9,4,"1,124","1,336",134,48,78,50,44
HD_14,"3,647","1,648",362,126,69,66,78,39,46,20,8,737,"1,263",109,88,123,97,49
HD_15,"2,911","1,408",511,83,50,55,39,38,26,8,10,997,"1,117",122,70,172,107,71
HD_16,"2,090","1,023",103,79,42,24,65,53,18,12,5,643,918,122,60,111,78,152
HD_17,"1,885",866,79,24,35,32,20,12,13,3,4,"1,124",782,89,36,91,16,36
HD_18,"2,857","2,885",403,94,50,71,75,51,30,10,13,614,859,103,103,83,67,48
HD_19,"2,731","1,064",97,44,42,44,31,12,15,3,3,"1,008",920,97,30,68,30,25
HD_20,"1,670",701,52,17,36,31,19,14,7,0,6,"1,210",949,103,29,52,15,27
HD_21,"7,315","2,923",161,265,89,91,146,139,63,60,25,464,850,85,43,59,60,87
HD_22,"3,726","1,977",328,94,72,59,69,50,18,23,13,727,762,68,24,74,82,85
HD_23,"3,168","1,670",132,43,56,31,54,27,24,7,11,868,"1,041",110,54,89,46,47
HD_24,"3,122","2,859",318,74,50,61,63,40,22,13,16,705,947,113,105,110,95,51
HD_25,"1,229","1,580",157,26,28,46,24,19,11,5,4,"1,221","1,008",168,108,83,48,42
HD_26,"1,927","1,245",83,36,36,33,26,15,18,6,7,713,807,110,133,67,48,40
HD_27,"1,831","1,503",125,49,48,53,26,18,18,6,7,884,"1,063",199,110,109,46,44
HD_28,"1,501",761,37,29,38,35,19,42,9,4,7,"2,077","1,329",228,281,53,47,65
HD_29,"2,242","1,408",57,28,46,64,18,48,11,9,7,"2,923","1,555",231,255,81,40,50
HD_30,434,324,18,10,22,21,5,12,5,2,4,"2,941","1,133",352,144,60,49,60
HD_31,"2,110","1,566",38,33,38,86,23,35,9,9,11,"2,954","1,956",219,352,83,45,50
HD_32,"1,548","1,213",41,40,51,86,17,39,16,12,8,"3,674","2,136",284,272,106,38,51
HD_33,"2,618","2,552",60,62,70,74,28,50,20,9,6,"2,407","1,814",214,270,98,30,37
HD_34,"1,523","1,156",37,36,49,76,20,40,12,6,8,"5,356","2,916",330,554,139,41,50
HD_35,919,478,26,27,28,30,17,26,7,3,3,"1,930",908,157,212,62,58,48
HD_36,"2,827","2,040",42,44,71,83,26,36,19,7,10,"2,645","1,551",246,246,100,22,41
HD_37,"1,490",772,44,24,23,49,14,33,8,4,7,"1,815","1,000",160,172,57,39,49
HD_38,"1,186",663,43,16,22,23,18,25,11,8,7,"2,293","1,279",220,260,49,41,59
HD_39,"2,597",882,73,36,54,61,31,30,18,11,8,"1,770","1,213",318,139,95,33,44
HD_40,328,181,21,9,15,13,10,19,2,1,0,"2,999",860,410,137,35,49,52
HD_41,"1,018",771,34,38,32,77,15,21,13,13,2,"6,391","2,632",401,601,157,60,50
HD_42,173,128,12,9,9,13,5,15,6,2,2,"4,242",867,640,109,49,31,36
HD_43,206,161,10,7,7,14,5,13,3,7,0,"3,858",797,701,93,38,39,36
HD_44,570,260,26,14,26,11,7,12,6,7,3,"3,986","1,092",627,141,38,48,41
HD_45,"3,377","1,104",64,40,47,74,31,25,20,7,9,"2,640","1,624",438,262,172,33,37
HD_46,"1,449",929,34,26,42,58,21,30,8,10,4,"3,125","1,639",287,229,68,51,58
HD_47,"3,074","2,701",154,141,76,44,37,31,61,5,5,"1,026","1,310",168,259,142,72,80
HD_48,"2,766","2,298",42,58,77,72,21,40,27,11,15,"2,880","2,283",247,479,104,23,41
HD_49,"2,651","1,854",105,50,44,38,28,29,19,5,7,780,"1,006",90,174,77,73,42
HD_50,"2,376","2,199",126,70,62,48,30,33,41,9,7,"1,521","1,712",195,277,102,124,73
HD_51,"3,225","1,882",80,50,57,39,32,47,19,13,9,"1,297","1,810",151,268,98,191,144
HD_52,"5,528","2,511",54,190,105,41,82,69,29,8,20,341,431,43,26,53,37,29
HD_53,"4,402","2,318",124,107,61,56,49,42,73,11,11,"1,158","1,202",310,225,127,71,81
HD_54,"4,498","2,116",102,100,68,53,44,60,17,18,12,"1,160",810,138,106,99,30,70
HD_55,"3,068","1,581",105,44,42,52,32,60,19,9,8,"1,205","1,271",284,225,109,69,63
HD_56,"3,279","1,188",67,51,42,78,55,33,20,11,10,"2,448","1,900",463,368,160,84,95
HD_57,"1,972",869,67,39,37,55,26,36,9,12,5,"3,275","2,342",434,355,228,101,210
HD_58,"3,518","3,290",153,114,59,62,28,39,51,8,10,"1,562","1,256",179,287,77,42,67
HD_59,"3,288","3,848",103,111,117,114,33,42,46,11,9,"1,680","1,342",143,210,48,23,18
HD_60,"3,763","2,101",493,117,109,99,34,36,51,11,10,805,"1,033",102,37,49,18,20
HD_61,"3,574","2,115",417,130,55,67,37,42,68,6,15,613,850,96,70,70,50,50
HD_62,"3,270","1,091",85,50,53,55,42,36,24,6,8,"1,767","1,430",386,202,116,46,44
HD_63,"2,889","1,472",128,100,66,96,44,31,70,11,10,920,"1,202",109,48,68,33,15
HD_64,"2,813","1,773",179,99,67,87,55,29,119,14,8,"1,141","1,089",104,39,58,37,29
HD_65,"2,493","1,262",133,86,57,83,38,30,69,14,9,"1,280","1,299",144,39,64,29,32
HD_66,"3,920","2,205",431,115,107,89,42,37,53,12,11,705,831,109,31,51,32,22
HD_67,"2,001","1,008",148,85,72,40,30,16,41,12,10,"1,305","1,271",111,41,69,27,35
HD_68,"3,974","2,258",279,143,108,106,66,37,97,10,5,"1,250","1,592",134,39,79,41,33
HD_69,"2,084","1,025",172,80,55,54,34,29,55,10,8,852,948,120,35,66,27,31
HD_70,"3,319","1,491",166,86,41,32,23,28,63,12,2,"1,430","1,706",215,158,170,148,128
HD_71,"4,799","2,095",75,86,78,50,33,67,26,9,7,880,501,97,39,52,32,25
HD_72,"3,435",955,58,51,50,26,31,13,113,10,6,"1,119","1,592",389,264,162,110,89
HD_73,"3,462",911,71,36,43,49,28,18,28,8,11,"1,678","1,325",378,206,86,52,68
HD_74,"3,505",994,122,54,25,31,21,20,24,4,7,"1,342","1,792",316,236,171,190,122
HD_75,"1,057",368,29,23,30,44,18,13,15,4,6,"2,804","1,078",336,147,117,27,24
HD_76,"1,576",470,24,21,38,41,19,23,12,6,7,"3,754","1,625",526,226,126,41,33
HD_77,793,293,17,19,32,44,16,18,6,2,5,"3,830","1,106",463,84,72,24,31
HD_78,"3,918","2,084",410,147,88,57,36,51,98,37,11,634,927,89,58,70,50,38
HD_79,"1,485",411,23,15,26,23,14,15,12,6,4,"2,654","1,341",316,203,113,21,17
HD_80,"3,836","1,545",96,64,50,36,33,33,15,3,6,601,614,94,49,65,34,31
HD_81,"3,596","1,215",69,35,52,51,35,42,35,6,11,"1,406","1,136",271,137,86,60,37
HD_82,"4,425","2,105",49,129,62,30,24,47,49,3,11,292,312,16,9,14,22,8
HD_83,"7,215","2,908",113,196,95,86,106,89,50,32,24,314,396,51,34,43,32,34
HD_84,"2,754",818,37,102,38,17,18,52,10,3,8,"1,610","2,126",389,176,269,418,337
HD_85,"5,764","2,860",91,148,73,50,51,78,31,19,18,628,440,54,23,35,39,20
HD_86,"5,225","1,991",87,158,68,43,40,97,25,15,14,337,398,50,32,36,49,28
HD_87,"4,933","1,737",75,184,61,36,53,58,22,13,9,400,525,49,27,82,105,80
HD_88,"2,545",798,69,44,55,67,38,52,18,6,8,"2,503","1,357",394,166,106,28,33
HD_89,"5,240","2,032",80,118,74,41,44,65,23,17,17,865,840,127,104,117,167,79
HD_90,"6,550","2,371",87,124,72,51,54,112,27,16,23,293,277,27,17,27,35,14
HD_91,"4,115","1,035",210,63,49,61,35,31,25,9,13,"1,263","1,055",286,136,104,58,48
HD_92,"2,743","1,328",50,97,49,16,32,68,9,14,12,970,"1,302",180,109,120,228,429
HD_93,"1,730",536,36,32,43,48,21,22,18,7,7,"2,540","1,156",387,141,125,32,32
HD_94,"3,011","1,200",85,102,51,23,29,49,16,9,6,821,924,104,73,100,166,107
HD_95,"1,803","1,066",39,66,26,15,16,28,15,6,5,"1,334","1,864",198,177,140,323,227
HD_96,"3,125","1,475",169,148,76,26,53,44,65,6,15,494,681,77,41,56,79,48
HD_97,"4,238","2,074",58,185,89,29,78,96,38,9,18,394,555,54,35,64,95,59
HD_98,"2,809","1,694",70,106,75,34,39,23,53,8,12,755,"1,034",78,44,74,105,106
HD_99,"1,814",598,45,36,28,15,21,21,20,5,6,"1,316","1,518",184,130,175,174,141
HD_100,"2,670","1,574",95,126,85,38,69,67,28,6,12,858,"1,019",77,40,78,117,167